Document,Summary,Tags,Email
Residual Disease Management In HER2+ve Early Breast Cancer Setting - Case Discussion.pdf,"RESIDUAL DISEASE MANAGEMENT IN HER2+VE EARLY BREAST CANCER SETTING: CASE DISCUSSION

  Historical Insights:

  * Residual disease after neoadjuvant therapy is a significant predictor of poor outcomes in HER2-positive early breast cancer (EBC)
  * High-risk HER2-positive EBC tumors are >2 cm or node-positive
  * Non-pCR population is heterogeneous, with varying burdens of disease
  * The Residual Cancer Burden (RCB) Index can predict outcome after neoadjuvant therapy

  Projected Futures:

  * Kadcyla reduces the risk of invasive disease-free survival (IDFS) events by 50% compared to Herceptin in patients with residual disease after neoadjuvant therapy
  * Kadcyla increases the 3-year IDFS rate from 77.0% to 88.3%
  * The benefit:risk of Kadcyla is transformative for patients with HER2-positive EBC who have residual disease following completion of neoadjuvant therapy
  * Presence of residual disease as a new decision point for changing treatment to T-DM1 in the adjuvant setting
  * Guidelines recommend changing treatment to T-DM1 in the adjuvant setting for patients with residual invasive disease

  Logical Relationship:

  * Historical insights provide a basis for understanding the prognostic significance of residual disease in HER2-positive EBC
  * Projected futures offer hope for improved outcomes with Kadcyla therapy in patients with residual disease
  * The logical relationship between historical insights and projected futures informs the development of personalized treatment plans for patients with HER2-positive EBC and residual disease.","  * Drug: Kadcyla, Herceptin
  * Dosage: 14 cycles
  * Symptoms: None
  * Diagnosis: Not applicable
  * Quality of Life: Not applicable
  * Safety: Not applicable
  * Efficacy: Significant benefit in reducing the risk of an IDFS event by 50% compared with Herceptin
  * Treatment Switch: Changing to targeted chemotherapy in patients with residual disease after neoadjuvant therapy
  * Relapse: Not applicable
  * Indication: HER2-positive early breast cancer
  * Scientific Area: Oncology
  * Mechanism of Action: Not applicable","Subject: Enhancing Outcomes in HER2+ Early Breast Cancer - Leveraging Residual Disease Management

  Dear [Recipient's Name],

  I am writing to bring to your attention a crucial aspect of residual disease management in HER2-positive early breast cancer (EBC). Our team has been exploring the prognostic significance of residual disease after neoadjuvant therapy and its impact on patient outcomes.

  We have identified that high-risk HER2-positive EBC tumors are associated with a significant risk of recurrence, despite optimal neoadjuvant therapy. Moreover, the non-pCR population exhibits a diverse range of disease burdens, highlighting the need for personalized approaches to enhance outcomes.

  To address this challenge, we propose incorporating the Residual Cancer Burden (RCB) Index into clinical practice. This innovative tool can help predict outcome after neoadjuvant therapy and guide treatment decisions. Specifically, we suggest considering Kadcyla therapy for patients with residual invasive disease, as it has shown a 50% reduction in the risk of invasive disease-free survival events compared to Herceptin.

  By leveraging these insights and strategies, we can optimize treatment plans for patients with HER2-positive EBC and improve their chances of achieving long-term success. We would be delighted to discuss this topic further and explore potential collaboration opportunities.

  Kind regards,

  [Your Name]"
test_breast_file.pdf," Kadcyla provides a vital direction for patients with residual invasive disease, offering dual antitumor activity and the potential for improved outcomes.
  
  * Key Highlights:
    - Kadcyla reduces the risk of recurrence by 50% compared to trastuzumab.
    - The efficacy and safety profile of Kadcyla are confirmed in a phase 3 study.
    - Adverse events are common with Kadcyla, but discontinuation due to these events is relatively low.
    - Dosing and administration instructions should be carefully considered when using Kadcyla.

Here is a list of key terms and phrases relevant to the document:

  * HER2-positive early breast cancer (eBC)
  * Residual invasive disease
  * Adjuvant therapy
  * Neoadjuvant response
  * Dual antitumor activity
  * DM1
  * Trastuzumab
  * Risk of recurrence
  * Efficacy and safety profile
  * Phase 3 study
  * Adverse events
  * Dosing and administration","  * Drug: Kadcyla
  * Dosage: Not applicable
  * Symptoms: Not applicable
  * Diagnosis: Not applicable
  * Quality of life: Not applicable
  * Safety: Adverse events
  * Efficacy: Reduced the risk of recurrence by 50%
  * Treatment switch: Not applicable
  * Relapse: Risk of distant recurrence was lower with Kadcyla vs trastuzumab
  * Indication: HER2-positive early breast cancer (eBC)
  * Scientific area: Oncology
  * Mechanism of action: Dual antitumour activity with HER2 suppression and the release of DM1 inside HER2-targeted cells","
  
  Subject: Kadcyla's Efficacy and Safety Profile Confirmed in Phase 3 Study
  
  Dear [Recipient],
  
  We are pleased to share the results of our phase 3 study on Kadcyla, which demonstrates the drug's dual antitumor activity and potential for improved patient outcomes. Our findings confirm the efficacy and safety profile of Kadcyla, reducing the risk of recurrence by 50% compared to trastuzumab. While adverse events are common with Kadcyla, discontinuation due to these events is relatively low. Careful consideration of dosing and administration instructions is recommended when using Kadcyla.
  
  We believe that Kadcyla provides a vital direction for patients with residual invasive disease, offering hope for improved outcomes. We look forward to sharing more information on this exciting development.
  
  Best regards,
  
  [Your Name]"
APAC DAN Lung PPoC Insight WP (last updated 2023.08.08).pdf,"Here is an executive summary with bullet points:
  
  * The AU Lung Squad Insight Generation Process includes traditional KPI trackers, PMR/SMR insights, and ecosystem insights.
  * The process involves reflecting on business questions for the next cycle, potential areas of improvement, expectation setting, and structured insight review and gap prioritization.
  * The current insight strategy includes quarterly insight review processes, manual and time-consuming, and automated insight synthesis through OCE data.
  * Areas of opportunity include generating more quality insights, planning PPoC insight activities more efficiently, and tracking progress of accumulated insights and remaining insight gaps.
  * The desired outcome is to have a governance and processes around generating and synthesizing insights in APAC DAN Lung PPoC community, including guidelines for capturing all insights in OCE, aligned and consistent tagging of insights, and a tracking platform for DA squads and PPoCs to track progress and identify remaining insight gaps.
  * Key milestones/Definition of Done include implementing workshop outcomes, reviewing DAN insights, and learning sharing to the EI/EpiCX.
  * Stakeholders include the core WP team, extended WP team, agile coach, and sponsors.","  * Drug: Not applicable
  * Dosage: Not applicable
  * Symptoms: Not applicable
  * Diagnosis: Not applicable
  * Quality of Life: Not applicable
  * Safety: Not applicable
  * Efficacy: Not applicable
  * Treatment Switch: Not applicable
  * Relapse: Not applicable
  * Indication: Not applicable
  * Scientific Area: Not applicable
  * Mechanism of Action: Not applicable","  
  
  Subject: Enhancing the AU Lung Squad Insight Generation Process

  Dear [Recipient],

  I am writing to bring to your attention the need to enhance the AU Lung Squad Insight Generation Process. As we continue to strive for excellence in our operations, it is essential that we have a robust and efficient process for generating and synthesizing insights.
  Our current process includes traditional KPI trackers, PMR/SMR insights, and ecosystem insights, but we recognize the need to improve in several areas. We aim to generate more quality insights, plan PPoC insight activities more efficiently, and track progress of accumulated insights and remaining insight gaps.
  To achieve these objectives, we propose implementing the following initiatives:
  1. Quarterly insight review processes to ensure consistency and alignment with business questions and objectives.
  2. Automated insight synthesis through OCE data to streamline the process and reduce manual efforts.
  3. Guidelines for capturing all insights in OCE, aligned and consistent tagging of insights, and a tracking platform for DA squads and PPoCs to track progress and identify remaining insight gaps.
  We believe that these initiatives will not only enhance the efficiency and effectiveness of our insight generation process but also provide valuable insights that can inform our strategic decision-making.
  We would appreciate your support and collaboration in this effort. Please let us know if you have any questions or concerns.
  Thank you for your time and consideration.

  Best regards,

  [Your Name]"
